file_symbol,Start,End,Period,Start Value,Min Value,Max Value,End Value,Total Return [%],Benchmark Return [%],Total Time Exposure [%],Max Gross Exposure [%],Max Drawdown [%],Max Drawdown Duration,Total Orders,Total Fees Paid,Total Trades,Win Rate [%],Best Trade [%],Worst Trade [%],Avg Winning Trade [%],Avg Losing Trade [%],Avg Winning Trade Duration,Avg Losing Trade Duration,Profit Factor,Expectancy,Sharpe Ratio,Calmar Ratio,Omega Ratio,Sortino Ratio,symbol
Champion-orders_BTCUSDT,2024-01-03 00:00:00+00:00,2024-03-02 00:00:00+00:00,60 days 00:45:00,10076.038333333328,10076.038333333328,10989.162333333317,10940.688333333334,8.581249608187665,38.45444538703467,9.43952802359882,293.01418132907185,2.643660588111833,22 days 12:30:00,98,0.0,49,95.91836734693877,1.8304548369537759,-2.0718815152230206,0.4906952823470179,-1.3883059783083793,0 days 06:17:52.340425531,0 days 13:07:30,11.621583440820652,17.64591836734689,4.070760593419434,25.11709456874406,1.2546767113070163,6.16095254404341,BTCUSDT
Champion-orders_BTCUSDT_unlevered,2024-01-03 00:00:00+00:00,2024-03-02 00:00:00+00:00,60 days 00:45:00,30228.114999999987,30228.114999999987,31141.239,31092.764999999992,2.860416536062554,38.454445387035086,9.43952802359882,100.0,0.9327568709521709,22 days 12:30:00,98,0.0,49,95.91836734693877,1.8304548369537759,-2.0718815152230206,0.4906952823470179,-1.3883059783083793,0 days 06:17:52.340425531,0 days 13:07:30,11.621583440820652,17.64591836734689,4.0179125129501045,20.432284667699832,1.252498232180836,6.061059275597679,BTCUSDT_unlevered
Champion-orders_ETHUSDT,2024-01-10 00:00:00+00:00,2024-03-24 08:58:22.001000+00:00,73 days 09:00:00,54630.89333333331,52457.90333333333,74812.85333333329,74812.85333333325,36.94239425458162,33.32883084430029,16.127200454287337,278.9465413472021,11.919840829242528,18 days 13:00:00,324,0.0,159,94.9685534591195,4.473832473942665,-7.058392887272177,0.8761638251852428,-1.3936861150661328,0 days 08:07:44.900662251,0 days 06:41:15,4.639036324020686,126.93056603773573,3.788378756017317,30.849303351979575,1.1934938346949924,5.886755503159178,ETHUSDT
Champion-orders_ETHUSDT_unlevered,2024-01-10 00:00:00+00:00,2024-03-24 08:58:22.001000+00:00,73 days 09:00:00,163892.67999999993,161719.69000000012,184074.64000000007,184074.63999999987,12.314131418193874,33.328830844300185,16.127200454287337,100.0,4.2051598640175065,18 days 13:00:00,324,0.0,159,94.9685534591195,4.473832473942665,-7.058392887272177,0.8761638251852428,-1.3936861150661328,0 days 08:07:44.900662251,0 days 06:41:15,4.639036324020686,126.93056603773573,3.7729833723380746,18.26297345895575,1.1943147151479772,5.876492049043382,ETHUSDT_unlevered
chaoshen-orders_BTCUSDT,2023-12-26 00:00:00+00:00,2024-03-14 00:00:00+00:00,79 days 20:45:00,45048.94266666667,38601.49266666664,49615.20766666667,38908.95266666668,-13.62959846900733,67.58884721040232,37.70705621494718,343.52064424626036,22.19826443939173,19 days 07:15:00,82,0.0,41,63.41463414634146,3.2017029084686883,-7.886793257111173,1.0733003418659848,-3.1330531291946304,2 days 20:18:27.692307692,2 days 04:00:00,0.5041633833663155,-149.75585365853584,-1.995141421399491,-2.2155201073157804,0.9354531780184092,-2.786511050387577,BTCUSDT
chaoshen-orders_BTCUSDT_unlevered,2023-12-26 00:00:00+00:00,2024-03-14 00:00:00+00:00,79 days 20:45:00,135146.828,128699.37799999992,139713.09299999996,129006.83800000002,-4.543199489669111,67.58884721040337,37.70705621494718,108.79739751424617,7.883094392592141,19 days 07:15:00,82,0.0,41,63.41463414634146,3.2017029084686883,-7.886793257111173,1.0733003418659848,-3.1330531291946304,2 days 20:18:27.692307692,2 days 04:00:00,0.5041633833663155,-149.75585365853584,-1.9976123735785893,-2.452014733485194,0.9364367283138274,-2.784693300702544,BTCUSDT_unlevered
chaoshen-orders_ETHUSDT,2024-01-04 00:00:00+00:00,2024-03-20 05:23:56+00:00,76 days 11:00:00,18909.116666666658,15335.646666666664,20736.466666666667,15335.646666666671,-18.898132911197095,42.37150622692918,7.670299727520435,326.80393616968126,26.045034994711425,40 days 19:30:00,44,0.0,22,63.63636363636363,1.9830446000737318,-10.369733987914548,0.7320781872680339,-4.1191552719953926,0 days 08:53:34.285714285,0 days 23:39:22.500000,0.33339737945649267,-162.43045454545413,-2.0654909344895143,-2.431081970149315,0.8567974484586384,-2.771480346570404,ETHUSDT
chaoshen-orders_ETHUSDT_unlevered,2024-01-04 00:00:00+00:00,2024-03-20 05:23:56+00:00,76 days 11:00:00,56727.34999999997,53153.880000000005,58554.69999999998,53153.87999999998,-6.299377637065698,42.37150622692805,7.670299727520435,100.0,9.223546529996703,40 days 19:30:00,44,0.0,22,63.63636363636363,1.9830446000737318,-10.369733987914548,0.7320781872680339,-4.1191552719953926,0 days 08:53:34.285714285,0 days 23:39:22.500000,0.33339737945649267,-162.43045454545413,-2.1094203121272304,-2.9019981584579613,0.857129198537258,-2.817129486629111,ETHUSDT_unlevered
Puzzled-PoT-Muffler-orders_BTCUSDT,2023-12-24 00:00:00+00:00,2024-03-25 18:24:31+00:00,88 days 02:30:00,39256.34366666667,32237.14406666669,48449.83896666666,32360.203666666694,-17.566944233412194,41.881913282550975,54.859304800189165,383.94676258442547,33.46284579223113,35 days 16:45:00,106,0.0,53,64.15094339622641,12.331309316446628,-8.290366820012181,1.0631403711412466,-2.2578287407918354,1 days 08:58:14.117647058,1 days 13:58:25.263157894,0.6126095548758729,-130.1158490566033,-1.3775279989580338,-1.590837602871314,0.966588256372454,-1.8548653464778584,BTCUSDT
Puzzled-PoT-Muffler-orders_BTCUSDT_unlevered,2023-12-24 00:00:00+00:00,2024-03-25 18:24:31+00:00,88 days 02:30:00,117769.031,110749.83140000008,126962.52630000003,110872.89100000003,-5.855648077804065,41.88191328255133,54.859304800189165,117.8840341755341,12.769669423315452,35 days 16:45:00,106,0.0,53,64.15094339622641,12.331309316446628,-8.290366820012181,1.0631403711412466,-2.2578287407918354,1 days 08:58:14.117647058,1 days 13:58:25.263157894,0.6126095548758729,-130.1158490566033,-1.3691340359584163,-1.6548302893223306,0.9667639878891446,-1.8522622771263,BTCUSDT_unlevered
Puzzled-PoT-Muffler-orders_ETHUSDT,2023-12-24 00:00:00+00:00,2024-03-25 17:32:30+00:00,88 days 04:30:00,28660.543,25821.247066269567,40947.11953927137,29301.079748463624,2.2349079306125637,37.13184217838305,92.65296480037797,311.1004530215683,28.97896812994489,33 days 12:00:00,114,0.0,65,57.8125,18.37464851518585,-13.418586392731523,1.3313240988152846,-1.6443618025528017,1 days 12:55:32.432432432,2 days 04:20:00,1.0328444320076031,7.856835102315046,0.4367707197549513,0.3136277598836204,1.009382164288394,0.6230897019108246,ETHUSDT
Puzzled-PoT-Muffler-orders_ETHUSDT_unlevered,2023-12-24 00:00:00+00:00,2024-03-25 17:32:30+00:00,88 days 04:30:00,85981.629,83282.86300000001,98453.36300000003,86964.181,1.1427464348227168,37.131842178381724,61.23316796598157,100.0,11.669669425106424,33 days 12:00:00,114,0.0,54,57.407407407407405,18.37460260222476,-13.383310549420916,1.3926567642233907,-1.772457112942173,1 days 06:58:03.870967741,1 days 04:09:07.826086956,1.0653087811899413,18.19540740740797,0.3425292951680674,0.3919116514939333,1.0076253817435215,0.48818808139755354,ETHUSDT_unlevered
The-wealth-of-god-orders_BTCUSDT,2023-12-14 00:00:00+00:00,2024-03-06 00:00:00+00:00,86 days 04:30:00,17854.226333333336,17854.226333333336,20520.97333333332,19458.17233333332,8.98356484372254,48.30352964143438,19.361856417693982,291.90070728551325,5.179096443118701,30 days 17:30:00,306,0.0,153,91.50326797385621,3.2111801242236004,-6.911548938010159,0.9427784375968482,-4.083728384531093,1 days 05:15:38.571428571,0 days 04:11:32.307692307,2.378788464894299,10.483307189542506,2.493740245855047,8.87698656230441,1.1509679384949538,3.678687852026188,BTCUSDT
The-wealth-of-god-orders_BTCUSDT_unlevered,2023-12-14 00:00:00+00:00,2024-03-06 00:00:00+00:00,86 days 04:30:00,53562.67900000001,53562.67900000001,56229.426000000036,55166.625,2.9945216145741798,48.303529641434736,19.361856417693982,100.0,1.8901153285825933,30 days 17:30:00,306,0.0,153,91.50326797385621,3.2111801242236004,-6.911548938010159,0.9427784375968482,-4.083728384531093,1 days 05:15:38.571428571,0 days 04:11:32.307692307,2.378788464894299,10.483307189542506,2.4076754363712656,7.329143772507235,1.1460600807653798,3.5393825443496514,BTCUSDT_unlevered
The-wealth-of-god-orders_ETHUSDT,2024-02-09 00:00:00+00:00,2024-03-12 00:00:00+00:00,32 days 17:15:00,8585.049,8578.368,10214.555,9653.507999999994,12.445578353716948,68.6210658555936,7.736389684813753,292.33502800771856,5.841106147061717,11 days 18:15:00,68,0.0,34,91.17647058823529,2.4244125793748372,-9.11346083118792,1.380717020659832,-6.253956431583769,0 days 10:00:29.032258064,0 days 02:45:00,6.33301555293789,31.425264705882306,5.780552975386587,48.09944019290825,1.562935606361145,8.738281156636193,ETHUSDT
The-wealth-of-god-orders_ETHUSDT_unlevered,2024-02-09 00:00:00+00:00,2024-03-12 00:00:00+00:00,32 days 17:15:00,25755.147000000004,25748.46600000001,27384.653000000006,26823.606,4.148526117905649,68.62106585559337,7.736389684813753,100.0,2.178749535369331,11 days 18:15:00,68,0.0,34,91.17647058823529,2.4244125793748372,-9.11346083118792,1.380717020659832,-6.253956431583769,0 days 10:00:29.032258064,0 days 02:45:00,6.33301555293789,31.425264705882306,5.508828023743249,27.06183372814851,1.532381885234032,8.159926941417448,ETHUSDT_unlevered
Creative-Bounty-Crow-orders_BTCUSDT,2024-01-22 00:00:00+00:00,2024-03-25 23:37:57.001000+00:00,66 days 01:30:00,117645.45566666662,110939.15466666647,138967.8276666664,138967.8276666663,18.124263176313317,48.76914426288845,37.79564806054873,312.090052461911,19.162439741530118,22 days 17:15:00,774,0.0,384,50.520833333333336,5.666600711327589,-5.583248030985508,1.6685377314446734,-1.9626986929518448,0 days 23:53:48.865979381,1 days 11:02:17.368421052,1.7535282982391478,55.5270104166662,2.1592185159385764,8.275428466270641,1.107504560400133,3.5455272772221553,BTCUSDT
Creative-Bounty-Crow-orders_BTCUSDT_unlevered,2024-01-22 00:00:00+00:00,2024-03-25 23:37:57.001000+00:00,66 days 01:30:00,352936.36699999985,346230.066,374258.73899999977,374258.73899999954,6.041421058771106,48.76914426288867,37.79564806054873,100.0,7.059329894755459,22 days 17:15:00,774,0.0,384,50.520833333333336,5.666600711327589,-5.583248030985508,1.6685377314446734,-1.9626986929518448,0 days 23:53:48.865979381,1 days 11:02:17.368421052,1.7535282982391478,55.5270104166662,2.04891596168365,5.628543452685088,1.1003291264100894,3.299520823702092,BTCUSDT_unlevered
Creative-Bounty-Crow-orders_ETHUSDT,2023-12-21 00:00:00+00:00,2024-03-25 19:57:54.002000+00:00,96 days 06:00:00,305497.6666666667,283129.66666666674,322346.66666666674,306146.95866666664,0.21253582951531474,43.76012670902474,33.73376623376623,308.52313182900986,12.166094473858369,94 days 02:15:00,600,0.0,297,47.13804713804714,5.730098019261972,-4.1416980554949605,1.50360270256158,-1.3505856168100743,0 days 18:08:47.142857142,0 days 14:36:29.808917197,1.0080592125908119,2.1861683501687708,0.20373405436628794,0.06672866918603469,1.0101625840578259,0.2871144947189307,ETHUSDT
Creative-Bounty-Crow-orders_ETHUSDT_unlevered,2023-12-21 00:00:00+00:00,2024-03-25 19:57:54.002000+00:00,96 days 06:00:00,916493.0,894125.0,933342.0,917142.2919999999,0.07084527650510493,43.76012670902465,33.73376623376623,102.36078210066518,4.20178241202046,94 days 02:15:00,600,0.0,297,47.13804713804714,5.730098019261972,-4.1416980554949605,1.50360270256158,-1.3505856168100743,0 days 18:08:47.142857142,0 days 14:36:29.808917197,1.0080592125908119,2.1861683501687708,0.08231591558851097,0.06427543376700348,1.0040579625702286,0.11477183958186889,ETHUSDT_unlevered
SIVASPHERE-CAPITAL-orders_ETHUSDT,2024-02-02 00:00:00+00:00,2024-02-07 00:00:00+00:00,5 days 00:45:00,306.08933333333334,296.76133333333337,336.2893333333334,336.13733333333334,9.81674195332953,3.0538519882979953,79.91718426501035,306.28653328600757,6.935582334690869,2 days 10:15:00,2,0.0,1,100.0,3.2722473177765097,3.2722473177765097,3.2722473177765097,,4 days 00:30:00,,inf,30.048000000000002,8.479545195423812,13215.264211833346,1.151766013063689,13.36714618677551,ETHUSDT
SIVASPHERE-CAPITAL-orders_ETHUSDT_unlevered,2024-02-02 00:00:00+00:00,2024-02-07 00:00:00+00:00,5 days 00:45:00,918.268,908.94,948.4680000000001,948.316,3.2722473177765097,3.0538519882978177,79.91718426501035,100.0,2.3753673248440466,2 days 10:15:00,2,0.0,1,100.0,3.2722473177765097,3.2722473177765097,3.2722473177765097,,4 days 00:30:00,,inf,30.048000000000002,8.35554943549015,397.39408331825683,1.1493867205785302,13.177635338475525,ETHUSDT_unlevered
mosrain-orders_BTCUSDT,2024-01-11 00:00:00+00:00,2024-03-25 14:02:33+00:00,69 days 06:30:00,47205.016,39585.182806803095,48261.2698068031,48261.26980680311,2.237588070731946,33.18238409485404,94.88721804511279,303.0634415599559,16.3321296895184,58 days 08:30:00,26,0.0,17,56.25,8.89562121550388,-1.304286947795849,2.789876958290538,-0.5398268352316231,9 days 22:45:00,5 days 14:19:17.142857142,3.0361077187922207,66.05088400668387,0.4867831883851926,0.7002096778004109,1.3025262273131433,0.8225612544161136,BTCUSDT
mosrain-orders_BTCUSDT_unlevered,2024-01-11 00:00:00+00:00,2024-03-25 14:02:33+00:00,69 days 06:30:00,141615.048,133993.13299999997,142669.21999999997,142669.22,0.7443926439229759,33.182384094852566,0.7969924812030075,100.50797998168011,5.451700764812162,58 days 08:30:00,26,0.0,13,53.84615384615385,1.7651214574588607,-1.0116602512725663,1.1676673834228077,-0.4187487358940295,0 days 01:08:34.285714285,0 days 00:52:30,3.0272694405341496,81.09015384615422,0.29797476188072036,0.6778639657986862,1.1725938796835118,0.4673270221584439,BTCUSDT_unlevered
mosrain-orders_ETHUSDT,2024-01-14 00:00:00+00:00,2024-03-25 14:02:43+00:00,66 days 03:30:00,33163.07233333334,23889.424292612268,33163.07233333334,32641.774292612274,-1.5719232388402327,22.863644319972188,0.7401574803149606,368.02261905686623,27.963778348123096,65 days 04:30:00,14,0.0,8,57.14285714285714,0.4402196751242402,-1.3073823658973402,0.31429752642601366,-0.7036226619082802,0 days 01:15:00,0 days 02:09:59.999999999,0.43621965525404827,-103.67703081745204,0.4102054466682275,-0.2774954564176635,1.2135233167109856,0.717669526449149,ETHUSDT
mosrain-orders_ETHUSDT_unlevered,2024-01-14 00:00:00+00:00,2024-03-25 14:02:43+00:00,66 days 03:30:00,99489.21700000002,90021.23999999999,99489.21700000002,98773.59,-0.7193010675719984,22.863644319972344,0.7244094488188977,100.0,9.51658610399962,65 days 04:30:00,14,0.0,7,57.14285714285714,0.4402196751242491,-1.3073823658973402,0.3142975264260159,-0.7036226619082802,0 days 01:15:00,0 days 02:09:59.999999999,0.44407518840213706,-102.23242857143205,0.020022340365796965,-0.37969537641883155,1.009095534818546,0.03043045684810981,ETHUSDT_unlevered
Damp-LTC-Visor-orders_BTCUSDT,2024-02-27 00:00:00+00:00,2024-03-06 00:00:00+00:00,8 days 07:15:00,54687.98966666668,52970.649666666664,58612.868066666655,52970.64966666665,-3.140250739636865,16.5799833390744,9.912170639899625,293.7075118737436,9.626245201962298,2 days 08:30:00,28,0.0,14,78.57142857142857,1.124642393395394,-5.994531621314489,0.8047284319368341,-4.329145326163658,0 days 01:49:05.454545454,0 days 02:30:00,0.6939480178191425,-122.66714285714238,-2.6945870579886724,-7.960789528962809,0.8676878449899784,-3.235895447260775,BTCUSDT
Damp-LTC-Visor-orders_BTCUSDT_unlevered,2024-02-27 00:00:00+00:00,2024-03-06 00:00:00+00:00,8 days 07:15:00,164063.96900000004,162346.62900000002,167988.84740000003,162346.62900000002,-1.0467502465456218,16.57998333907407,9.912170639899625,100.0,3.358686298123867,2 days 08:30:00,28,0.0,14,78.57142857142857,1.124642393395394,-5.994531621314489,0.8047284319368341,-4.329145326163658,0 days 01:49:05.454545454,0 days 02:30:00,0.6939480178191425,-122.66714285714238,-2.760691874968269,-11.34045107889984,0.8647254777109471,-3.3135836887542793,BTCUSDT_unlevered
Damp-LTC-Visor-orders_ETHUSDT,2024-02-13 00:00:00+00:00,2024-03-14 00:00:00+00:00,30 days 16:45:00,129606.74166666665,109770.29966666676,136150.28566666672,110109.28766666673,-15.043549239240262,49.4164165061173,29.928741092636578,326.9650246527348,19.375637642498532,27 days 07:15:00,66,0.0,33,39.39393939393939,2.3904143272613676,-4.313255932989179,1.1038217196756694,-2.3204440509217306,0 days 09:15:00,1 days 06:16:30,0.2676574139311875,-590.8319393939382,-2.194909572293469,-4.450563790308489,0.9343728447793462,-2.832704174174446,ETHUSDT
Damp-LTC-Visor-orders_ETHUSDT_unlevered,2024-02-13 00:00:00+00:00,2024-03-14 00:00:00+00:00,30 days 16:45:00,388820.225,368983.78299999994,395363.76900000003,369322.77100000007,-5.014516413080087,49.41641650611706,29.928741092636578,100.0,6.672332689139275,27 days 07:15:00,66,0.0,33,39.39393939393939,2.3904143272613676,-4.313255932989179,1.1038217196756694,-2.3204440509217306,0 days 09:15:00,1 days 06:16:30,0.2676574139311875,-590.8319393939382,-2.404982587862348,-6.970855867880866,0.9284612452495847,-3.0906613323132204,ETHUSDT_unlevered
Back-Cap-Octopus-orders_BTCUSDT,2023-12-21 00:00:00+00:00,2024-03-22 15:29:48+00:00,94 days 11:00:00,104943.93766666674,90694.10926666672,173319.18946666658,155744.43566666637,48.40727261574383,42.185114700959716,75.38597265108072,273.51626982760115,14.78141384756225,33 days 09:00:00,428,0.0,214,65.42056074766354,13.08825699564097,-8.40358906983007,3.2639522697497627,-3.502477350495312,15 days 06:36:51.428571428,8 days 03:13:34.864864864,2.3145661804942423,237.38550467289593,3.14075087811709,25.27508057061881,1.070920194532489,4.4693258150282595,BTCUSDT
Back-Cap-Octopus-orders_BTCUSDT_unlevered,2023-12-21 00:00:00+00:00,2024-03-22 15:29:48+00:00,94 days 11:00:00,314831.8130000002,300581.9846000001,383207.0648,365632.31099999987,16.135757538581277,42.18511470096018,75.38597265108072,100.0,6.190260039276847,33 days 09:00:00,428,0.0,214,65.42056074766354,13.08825699564097,-8.40358906983007,3.2639522697497627,-3.502477350495312,15 days 06:36:51.428571428,8 days 03:13:34.864864864,2.3145661804942423,237.38550467289593,2.8858814980007397,12.96692936163324,1.0687608965242175,4.08922599932309,BTCUSDT_unlevered
Back-Cap-Octopus-orders_ETHUSDT,2024-01-09 00:00:00+00:00,2024-03-09 00:00:00+00:00,60 days 08:45:00,11945.211000000001,11654.088000000002,15478.818999999998,15375.234999999986,28.714637188074665,66.42590776950395,6.505608283002588,289.04152968849115,6.319580094716409,32 days 05:30:00,34,0.0,17,94.11764705882352,4.812684939643905,-1.143679888378042,2.1152098275111735,-1.143679888378042,0 days 06:45:00,0 days 01:30:00,75.19476530391441,201.76611764705873,5.497687167052016,57.64434672740158,1.461041995885462,9.298389855240087,ETHUSDT
Back-Cap-Octopus-orders_ETHUSDT_unlevered,2024-01-09 00:00:00+00:00,2024-03-09 00:00:00+00:00,60 days 08:45:00,35835.633,35544.51,39369.24099999998,39265.656999999985,9.571545729358222,66.4259077695047,6.505608283002588,100.0,2.371163863966225,32 days 05:30:00,34,0.0,17,94.11764705882352,4.812684939643905,-1.143679888378042,2.1152098275111735,-1.143679888378042,0 days 06:45:00,0 days 01:30:00,75.19476530391441,201.76611764705873,5.437887640507946,31.361159803677573,1.4562017333642177,9.108860586033954,ETHUSDT_unlevered
Jack-shark-orders_BTCUSDT,2023-12-18 00:00:00+00:00,2024-03-16 00:00:00+00:00,89 days 06:15:00,41861.099333333346,41521.29933333334,55222.089333333344,52838.08333333333,26.222397822360055,69.22625049084299,23.258256506010035,262.22226870227024,11.385244339541728,66 days 08:00:00,24,0.0,12,75.0,8.516907635320836,-0.4300688846634759,2.4528165119834395,-0.2968102551393325,3 days 13:20:00,1 days 07:10:00,14.630248093972703,914.7486666666671,2.7314900193947533,14.040193242888439,1.1036692931437693,3.8453029446058515,BTCUSDT
Jack-shark-orders_BTCUSDT_unlevered,2023-12-18 00:00:00+00:00,2024-03-16 00:00:00+00:00,89 days 06:15:00,125583.29800000004,125243.49800000005,138944.28800000003,136560.282,8.740799274120018,69.22625049084255,23.258256506010035,100.0,4.524957369963997,66 days 08:00:00,24,0.0,12,75.0,8.516907635320836,-0.4300688846634759,2.4528165119834395,-0.2968102551393325,3 days 13:20:00,1 days 07:10:00,14.630248093972703,914.7486666666671,2.480122989517255,9.061838023985924,1.0959808104096158,3.4594358051414944,BTCUSDT_unlevered
HGN_CAPITAL-orders_BTCUSDT,2023-12-09 00:00:00+00:00,2024-03-24 15:32:04+00:00,102 days 10:00:00,46080.64666666666,43308.17326666666,84232.0976666667,60464.36466666671,31.214227751722927,40.10501304745952,73.08787632221319,253.57197928457734,32.73243189206579,20 days 23:00:00,40,0.0,20,60.0,21.122863547212123,-5.608442637562322,5.107145362641623,-2.5513764190194115,4 days 21:21:15,2 days 00:35:37.500000,1.7574313348493515,719.1859000000023,1.679619881555965,4.685474156760446,1.0466118224454521,2.2693046975390705,BTCUSDT
HGN_CAPITAL-orders_BTCUSDT_unlevered,2023-12-09 00:00:00+00:00,2024-03-24 15:32:04+00:00,102 days 10:00:00,138241.93999999997,135469.46659999996,176393.39100000003,152625.65800000002,10.404742583907643,40.10501304745955,73.08787632221319,106.00497479583527,15.630525522353631,20 days 23:00:00,40,0.0,20,60.0,21.122863547212123,-5.608442637562322,5.107145362641623,-2.5513764190194115,4 days 21:21:15,2 days 00:35:37.500000,1.7574313348493515,719.1859000000023,1.289167139811865,2.5793909977440808,1.0373870671856487,1.720927796813159,BTCUSDT_unlevered
Xiaoyao-Lee-orders_BTCUSDT,2023-12-02 13:04:38+00:00,2024-03-23 14:14:22+00:00,103 days 13:30:00,230536.65733333337,205143.72733333343,257609.86533333338,257609.8653333333,11.743558839258576,42.86343651963116,36.541943270971636,306.4745430076701,14.401396651407616,91 days 20:00:00,54,0.0,27,70.37037037037037,2.9906948497615438,-1.4690990149862657,0.8955039635681804,-0.7488865188656465,0 days 13:47:22.105263157,4 days 00:22:30,3.777697581278044,1002.7114074074118,1.1808358116979079,3.025572177688369,1.0466129080906204,1.7144385805107676,BTCUSDT
Xiaoyao-Lee-orders_BTCUSDT_unlevered,2023-12-02 13:04:38+00:00,2024-03-23 14:14:22+00:00,103 days 13:30:00,691609.9720000001,666217.042,718683.1799999998,718683.1799999999,3.914519613086193,42.863436519632515,36.541943270971636,100.0,4.9254370769254585,91 days 20:00:00,54,0.0,27,70.37037037037037,2.9906948497615438,-1.4690990149862657,0.8955039635681804,-0.7488865188656465,0 days 13:47:22.105263157,4 days 00:22:30,3.777697581278044,1002.7114074074118,1.0762483311792002,2.7049405517486793,1.0432902438956322,1.5553858562488256,BTCUSDT_unlevered
Xiaoyao-Lee-orders_ETHUSDT,2023-12-22 00:00:00+00:00,2023-12-24 00:00:00+00:00,2 days 00:45:00,38900.50000000001,37473.499999999985,39192.0,37725.99999999999,-3.0192413979255135,3.1389090388041385,21.53846153846154,307.61604867439667,4.384823433353783,1 days 09:45:00,2,0.0,1,0.0,-1.0064137993085045,-1.0064137993085045,,-1.0064137993085045,,0 days 10:30:00,0.0,-1174.5000000000146,-8.519537425155946,-22.718687356120363,0.7801869857072772,-10.85449813106706,ETHUSDT
Xiaoyao-Lee-orders_ETHUSDT_unlevered,2023-12-22 00:00:00+00:00,2023-12-24 00:00:00+00:00,2 days 00:45:00,116701.50000000001,115274.49999999999,116993.0,115527.0,-1.0064137993085045,3.138909038804183,21.53846153846154,100.0,1.4688913011889726,1 days 09:45:00,2,0.0,1,0.0,-1.0064137993085045,-1.0064137993085045,,-1.0064137993085045,,0 days 10:30:00,0.0,-1174.5000000000146,-8.71288758498181,-57.22799340848897,0.7754977159105557,-11.069661333839113,ETHUSDT_unlevered
Sdosee-Hedge-Fund-orders_BTCUSDT,2023-12-22 00:00:00+00:00,2024-03-26 02:51:34+00:00,91 days 20:00:00,15390.619333333334,14847.674333333336,18704.30633333332,18704.30633333332,21.530563054230893,41.44188170815326,17.910617059891106,306.4126711268548,8.094488165394363,29 days 06:15:00,272,0.0,136,100.0,1.3412542871141584,0.23655168154220374,0.6521153906575687,,0 days 13:10:02.205882352,,inf,24.36534558823554,2.654191247957787,13.751781168989963,1.131900869666921,3.9027869533471478,BTCUSDT
Sdosee-Hedge-Fund-orders_BTCUSDT_unlevered,2023-12-22 00:00:00+00:00,2024-03-26 02:51:34+00:00,91 days 20:00:00,46171.858,45628.913,49485.54499999991,49485.544999999984,7.176854351410297,41.44188170815277,17.910617059891106,100.0,2.8709107985945117,29 days 06:15:00,272,0.0,136,100.0,1.3412542871141584,0.23655168154220374,0.6521153906575687,,0 days 13:10:02.205882352,,inf,24.36534558823554,2.5962012188538672,10.611584292562865,1.1295487944894784,3.8048765159844518,BTCUSDT_unlevered
Sdosee-Hedge-Fund-orders_ETHUSDT,2023-12-26 00:00:00+00:00,2024-03-23 16:31:25+00:00,87 days 20:30:00,38042.333333333336,37496.33333333334,42705.44833333336,42705.448333333334,12.25769975553549,39.10730407592311,10.493241640976999,302.9122847567317,4.10471936165856,18 days 05:30:00,274,0.0,137,99.27007299270073,1.8658013674817557,-0.17975065684554564,0.6536172137387051,-0.17975065684554564,0 days 05:22:03.529411764,0 days 02:15:00,290.2190564794661,34.03733576642326,4.44169239111334,14.844311747167865,1.3490717725643768,7.101319312115975,ETHUSDT
Sdosee-Hedge-Fund-orders_ETHUSDT_unlevered,2023-12-26 00:00:00+00:00,2024-03-23 16:31:25+00:00,87 days 20:30:00,114127.0,113581.0,118790.11500000005,118790.11499999999,4.0858999185118305,39.10730407592402,10.493241640976999,100.0,1.393398503290318,18 days 05:30:00,274,0.0,137,99.27007299270073,1.8658013674817557,-0.17975065684554564,0.6536172137387051,-0.17975065684554564,0 days 05:22:03.529411764,0 days 02:15:00,290.2190564794661,34.03733576642326,4.479049722293814,12.85693883287047,1.3501161949447833,7.149282782161866,ETHUSDT_unlevered
Id-rather-be-me-orders_BTCUSDT,2023-12-28 00:00:00+00:00,2024-02-29 00:00:00+00:00,63 days 18:45:00,156794.98566666667,150522.2966666667,163810.88666666672,162266.90866666674,3.4898584139883946,42.087517360946045,4.262616364527193,295.23849021812873,4.567661843275621,20 days 20:30:00,74,0.0,37,75.67567567567568,1.7387550462578016,-6.532183126672031,0.5044640980077174,-1.752234823869464,0 days 02:59:27.857142857,0 days 02:05:00,2.013696957773342,147.88981081081235,1.8904355741446635,4.812687173460508,1.2284553034881545,2.8514724255675015,BTCUSDT
Id-rather-be-me-orders_BTCUSDT_unlevered,2023-12-28 00:00:00+00:00,2024-02-29 00:00:00+00:00,63 days 18:45:00,470384.957,464112.26800000004,477400.8580000001,475856.88000000006,1.1632861379961315,42.08751736094658,4.262616364527193,100.0,1.5285737455334192,20 days 20:30:00,74,0.0,37,75.67567567567568,1.7387550462578016,-6.532183126672031,0.5044640980077174,-1.752234823869464,0 days 02:59:27.857142857,0 days 02:05:00,2.013696957773342,147.88981081081235,1.8875736735652486,4.533108835273888,1.2266156479488406,2.8533836824043086,BTCUSDT_unlevered
Id-rather-be-me-orders_ETHUSDT,2023-12-26 00:00:00+00:00,2024-02-29 00:00:00+00:00,66 days 00:15:00,387867.91233333334,359910.90667340567,389811.21733333333,378989.6191985161,-2.2889991289579124,48.98817519212499,17.389932144547892,307.1381252536388,7.670459271150083,47 days 22:30:00,96,0.0,50,59.183673469387756,1.219247036828518,-10.201207175499798,0.7005778541618195,-2.315001266595542,0 days 04:00:31.034482758,0 days 13:08:15,0.7032283488386667,-171.19826873616063,-0.8509779130824364,-1.5893787993703885,0.9287884092711016,-1.158865185647891,ETHUSDT
Id-rather-be-me-orders_ETHUSDT_unlevered,2023-12-26 00:00:00+00:00,2024-02-29 00:00:00+00:00,66 days 00:15:00,1163603.737,1135393.085,1165547.0420000001,1159497.6569999997,-0.35287614412329993,48.988175192124594,6.596181158276787,100.0,2.587107676774505,47 days 22:30:00,96,0.0,48,60.416666666666664,3.439967003657998,-3.5081517472450674,0.9945650664402851,-1.8999377977058445,0 days 06:35:41.379310344,0 days 05:24:28.421052631,0.836686569257251,-85.54333333333221,-0.40697575495426447,-0.7595956327966555,0.9572300834289925,-0.5529338474953044,ETHUSDT_unlevered
Everyone-gets-richaf-orders_BTCUSDT,2024-01-02 00:00:00+00:00,2024-01-25 00:00:00+00:00,23 days 05:45:00,13438.117666666667,11469.200755656611,13543.101017278448,11699.83056925428,-12.935495435675634,-10.205715471333177,97.26580008964591,313.24357611444367,15.313333770278536,21 days 18:45:00,22,0.0,15,28.57142857142857,7.337219172655758,-3.803508313412137,2.039124337518871,-2.1701199884940143,4 days 21:30:00,0 days 17:19:30,0.028877772289485473,-124.16344980384751,-6.099930046436844,-5.804706610380319,0.7402440954063324,-7.471875832258894,BTCUSDT
Everyone-gets-richaf-orders_BTCUSDT_unlevered,2024-01-02 00:00:00+00:00,2024-01-25 00:00:00+00:00,23 days 05:45:00,40314.353,38345.19700000001,40419.3411,38575.87000000001,-4.312317749462567,-10.205715471333466,8.874943971313312,100.0,5.131563364351802,21 days 18:45:00,22,0.0,11,18.181818181818183,0.3584899050643999,-3.8035139123028747,0.3584899050643999,-2.2231708701855584,0 days 05:37:30,0 days 16:51:40,0.02881245813685495,-158.0439090909078,-6.167665657783872,-9.802644244760085,0.7372416834336688,-7.5296117161530045,BTCUSDT_unlevered
Everyone-gets-richaf-orders_ETHUSDT,2024-01-03 00:00:00+00:00,2024-02-26 00:00:00+00:00,54 days 01:15:00,7947.228000000002,7643.879999999997,7947.228000000002,7751.107999999997,-2.4677787022091775,31.476008197693318,0.09635767970707265,307.9370162796905,3.8170290320097076,53 days 14:00:00,4,0.0,2,0.0,-0.09917930764964016,-0.7820588512120282,,-0.4406190794308342,,0 days 00:37:30,0.0,-98.06000000000222,-1.663036732510147,-4.070599026592284,0.40088884476772163,-1.8180061337092044,ETHUSDT
Everyone-gets-richaf-orders_ETHUSDT_unlevered,2024-01-03 00:00:00+00:00,2024-02-26 00:00:00+00:00,54 days 01:15:00,23841.684000000005,23538.336,23841.684000000005,23645.564,-0.8225929007363926,31.476008197692472,0.09635767970707265,100.0,1.2723430106699063,53 days 14:00:00,4,0.0,2,0.0,-0.09917930764964016,-0.7820588512120282,,-0.4406190794308342,,0 days 00:37:30,0.0,-98.06000000000222,-1.6934033491157214,-4.267009601803225,0.39205444596386024,-1.8442693988467096,ETHUSDT_unlevered
Jungle-law-orders_BTCUSDT,2023-12-29 00:00:00+00:00,2024-03-22 21:54:06.001000+00:00,93 days 18:30:00,593322.7519999999,573997.7020000004,730558.603000001,724163.8529999995,22.052264228694156,45.154441059292274,26.20528771384137,280.97829018512266,14.003205831915647,37 days 20:00:00,1130,0.0,565,47.256637168141594,4.525768415099677,-3.7474390716045884,1.0842620921468231,-0.6369679903586223,0 days 07:57:01.348314606,0 days 05:43:26.375838926,1.5184045369027286,231.57716991150238,2.6057590487954583,9.675741358833953,1.123612351382102,3.681027655696625,BTCUSDT
Jungle-law-orders_BTCUSDT_unlevered,2023-12-29 00:00:00+00:00,2024-03-22 21:54:06.001000+00:00,93 days 18:30:00,1779968.2559999996,1760643.205999998,1917204.1070000022,1910809.3569999994,7.350754742898051,45.15444105929281,26.20528771384137,100.0,5.28432666724908,37 days 20:00:00,1130,0.0,565,47.256637168141594,4.525768415099677,-3.7474390716045884,1.0842620921468231,-0.6369679903586223,0 days 07:57:01.348314606,0 days 05:43:26.375838926,1.5184045369027286,231.57716991150238,2.4927015490864917,6.745236476331814,1.1206064361001415,3.5001657881869472,BTCUSDT_unlevered
Jungle-law-orders_ETHUSDT,2023-12-29 00:00:00+00:00,2024-03-24 20:24:46.004000+00:00,92 days 20:00:00,665340.1733333333,642603.0733333335,781660.4933333329,744753.8933333332,11.935807152924442,34.08669295784168,23.78815080789946,288.8443039471564,9.051679736161471,37 days 08:15:00,1040,0.0,520,48.46153846153846,3.079761084789653,-3.172879020750557,1.0210715679323767,-0.7428371599707653,0 days 06:29:24.285714285,0 days 10:09:47.686567164,1.50077679858745,152.718692307693,1.739231760026606,6.696039943732686,1.1084494168306076,2.5091218979599597,ETHUSDT
Jungle-law-orders_ETHUSDT_unlevered,2023-12-29 00:00:00+00:00,2024-03-24 20:24:46.004000+00:00,92 days 20:00:00,1996020.52,1973283.4200000004,2112340.8399999994,2075434.24,3.9786023843081475,34.086692957841656,23.78815080789946,100.0,3.2939456825476303,37 days 08:15:00,1040,0.0,520,48.46153846153846,3.079761084789653,-3.172879020750557,1.0210715679323767,-0.7428371599707653,0 days 06:29:24.285714285,0 days 10:09:47.686567164,1.50077679858745,152.718692307693,1.6290924591232927,5.408407798499106,1.101525017632459,2.330600533493549,ETHUSDT_unlevered
KyleGod-orders_BTCUSDT,2023-12-29 00:00:00+00:00,2024-03-19 23:45:00+00:00,83 days 17:00:00,32713.070666666677,32229.37986666668,35434.64346666669,34035.39366666667,4.042185502773334,45.15444105929085,15.032354405176704,291.69102955053063,6.905457937799871,50 days 03:30:00,164,0.0,82,34.146341463414636,6.113639463514443,-2.2606870777634094,2.0817250816358204,-1.065352846485492,0 days 12:24:06.428571428,0 days 10:58:20,1.425615607844347,16.125890243902425,1.2169052927288904,2.7934057107470953,1.0624762971513266,1.7441232264135282,BTCUSDT
KyleGod-orders_BTCUSDT_unlevered,2023-12-29 00:00:00+00:00,2024-03-19 23:45:00+00:00,83 days 17:00:00,98139.21200000003,97655.52120000005,100860.7848,99461.53500000003,1.3473951675911118,45.15444105929183,15.032354405176704,100.0,2.426041404349612,50 days 03:30:00,164,0.0,82,34.146341463414636,6.113639463514443,-2.2606870777634094,2.0817250816358204,-1.065352846485492,0 days 12:24:06.428571428,0 days 10:58:20,1.425615607844347,16.125890243902425,1.1531332472295384,2.5302709761869164,1.0590963837629004,1.6479168214519202,BTCUSDT_unlevered
KyleGod-orders_ETHUSDT,2023-12-31 00:00:00+00:00,2024-03-19 23:45:00+00:00,80 days 12:30:00,13283.471333333333,13028.451333333334,14209.767333333337,13165.731333333331,-0.886364693726908,37.4756267409468,4.1526520051746445,299.2381133701584,8.3134084625641,70 days 04:30:00,50,0.0,25,64.0,1.3364808696579205,-2.5904555102837454,0.47950031635205076,-0.8384634632601485,0 days 06:24:22.500000,0 days 14:06:40,0.7916718273923069,-4.709599999999995,-0.13487764859290693,-0.4788254871689162,0.9871155131673636,-0.18573279352305813,ETHUSDT
KyleGod-orders_ETHUSDT_unlevered,2023-12-31 00:00:00+00:00,2024-03-19 23:45:00+00:00,80 days 12:30:00,39850.414,39595.394,40776.71,39732.674,-0.2954548979089693,37.47562674094675,4.1526520051746445,100.0,2.8970360777021953,70 days 04:30:00,50,0.0,25,64.0,1.3364808696579205,-2.5904555102837454,0.47950031635205076,-0.8384634632601485,0 days 06:24:22.500000,0 days 14:06:40,0.7916718273923069,-4.709599999999995,-0.18946259834836832,-0.46286497963795253,0.9819037691092687,-0.2598658589884185,ETHUSDT_unlevered
Capriccio-orders_BTCUSDT,2024-01-08 00:00:00+00:00,2024-03-19 00:00:00+00:00,71 days 03:45:00,74330.87033333334,73000.99153333335,93340.09333333337,79062.90533333331,6.366177308000543,54.89733620121062,3.8500951544429807,303.6434540738881,15.295879284171852,69 days 05:15:00,14,0.0,7,71.42857142857143,6.600882029605808,-4.971181102362192,2.745138508964536,-2.9315024075396083,1 days 02:39:00,0 days 02:07:30,2.1281348602298498,676.0050000000032,1.0336632947587467,2.4406769192624074,1.1289240725389933,1.4237174043209035,BTCUSDT
Capriccio-orders_BTCUSDT_unlevered,2024-01-08 00:00:00+00:00,2024-03-19 00:00:00+00:00,71 days 03:45:00,222992.611,221662.7322,242001.83400000003,227724.64599999998,2.1220591026668476,54.89733620121173,3.8500951544429807,100.0,5.899619752468496,69 days 05:15:00,14,0.0,7,71.42857142857143,6.600882029605808,-4.971181102362192,2.745138508964536,-2.9315024075396083,1 days 02:39:00,0 days 02:07:30,2.1281348602298498,676.0050000000032,0.8480045827783668,1.9319015011581147,1.1061823598224891,1.1461998947120635,BTCUSDT_unlevered
Capriccio-orders_ETHUSDT,2024-01-09 00:00:00+00:00,2024-03-19 23:45:00+00:00,71 days 09:00:00,94731.33633333333,92197.46333333333,190181.42333333328,167223.1233333333,76.52355577981234,35.234857663966054,56.903093987157035,269.19461409922496,16.85891615042434,44 days 14:00:00,36,0.0,18,77.77777777777779,31.665361501114347,-1.6058394160583942,9.790394674674506,-0.6325178348319921,9 days 22:53:34.285714285,0 days 11:33:45,17.778490500794042,4027.321499999997,4.21782971546296,104.2083067943636,1.1003481324379403,6.172434166083991,ETHUSDT
Capriccio-orders_ETHUSDT_unlevered,2024-01-09 00:00:00+00:00,2024-03-19 23:45:00+00:00,71 days 09:00:00,284194.00899999996,281660.13599999994,379644.096,356685.7959999999,25.507851926604115,35.23485766396854,56.903093987157035,100.0,6.962415951746339,44 days 14:00:00,36,0.0,18,77.77777777777779,31.665361501114347,-1.6058394160583942,9.790394674674506,-0.6325178348319921,9 days 22:53:34.285714285,0 days 11:33:45,17.778490500794042,4027.321499999997,3.8338243880283795,31.821199589621877,1.0895339378786382,5.5073191414190905,ETHUSDT_unlevered
TRADINGS-hai-orders_BTCUSDT,2024-02-24 00:00:00+00:00,2024-03-26 02:51:51+00:00,30 days 03:15:00,11858.813333333332,11825.048933333328,15585.983333333317,15585.983333333326,31.429535951320542,22.150017325362793,46.83719322502593,295.04504154695286,7.094104562261186,2 days 06:45:00,494,0.0,247,97.57085020242914,2.4266800045666588,-3.2018530555420455,0.6151507192214243,-1.3864393480042405,0 days 08:08:35.352697095,0 days 07:45:00,16.247818227947892,15.089757085020247,5.871715012177478,333.2729544920519,1.4154169482411982,12.262796833485986,BTCUSDT
TRADINGS-hai-orders_BTCUSDT_unlevered,2024-02-24 00:00:00+00:00,2024-03-26 02:51:51+00:00,30 days 03:15:00,35576.439999999995,35542.675599999966,39303.609999999964,39303.609999999986,10.476511983773515,22.15001732536306,46.83719322502593,100.0,2.6897835812632307,2 days 06:45:00,494,0.0,247,97.57085020242914,2.4266800045666588,-3.2018530555420455,0.6151507192214243,-1.3864393480042405,0 days 08:08:35.352697095,0 days 07:45:00,16.247818227947892,15.089757085020247,5.7428108134489015,82.39384257141211,1.3965380005578714,11.62937269279218,BTCUSDT_unlevered
Top Capital Advanced Capital-orders_BTCUSDT,2023-12-13 00:00:00+00:00,2024-02-27 00:00:00+00:00,76 days 23:15:00,15672.093333333332,10316.49733333335,18425.05033333334,11164.453333333337,-28.762207473666546,31.88457915710723,63.4997969955339,432.3007936615419,44.0083085435623,20 days 12:15:00,92,0.0,46,71.73913043478261,6.683109902513981,-15.519649193655424,0.9585066685180648,-6.0621935493666745,1 days 05:25:54.545454545,7 days 08:46:09.230769230,0.3976532374285076,-97.99217391304335,-2.5304312104952653,-1.8264522330643986,0.9372185349787031,-3.3323800646731843,BTCUSDT
Top Capital Advanced Capital-orders_BTCUSDT_unlevered,2023-12-13 00:00:00+00:00,2024-02-27 00:00:00+00:00,76 days 23:15:00,47016.28,41660.68399999997,49769.23699999998,42508.64,-9.58740249122218,31.88457915710576,63.4997969955339,124.00400911059944,16.292299196791003,20 days 12:15:00,92,0.0,46,71.73913043478261,6.683109902513981,-15.519649193655424,0.9585066685180648,-6.0621935493666745,1 days 05:25:54.545454545,7 days 08:46:09.230769230,0.3976532374285076,-97.99217391304335,-2.6493086198144065,-2.3549227131103825,0.9346579637677142,-3.484575595708119,BTCUSDT_unlevered
Top Capital Advanced Capital-orders_ETHUSDT,2023-12-20 00:00:00+00:00,2024-02-27 00:00:00+00:00,70 days 02:15:00,12354.295,10134.930000000004,13553.220000000008,12815.969999999998,3.7369594946534654,45.71832135634284,64.79417446871749,343.796355771574,22.701448585621247,20 days 10:45:00,104,0.0,52,73.07692307692307,7.276744240384792,-14.080681165803721,1.6930321244974813,-3.9270531453644515,3 days 13:42:14.210526315,5 days 05:23:34.285714285,1.179151006908352,8.878365384615215,0.6189681657509817,0.9433431696999987,1.0134994609348456,0.8591622891631248,ETHUSDT
Top Capital Advanced Capital-orders_ETHUSDT_unlevered,2023-12-20 00:00:00+00:00,2024-02-27 00:00:00+00:00,70 days 02:15:00,37062.885,34843.52,38261.81,37524.56,1.2456531648844884,45.71832135634142,64.79417446871749,100.0,7.87012162876782,20 days 10:45:00,104,0.0,52,73.07692307692307,7.276744240384792,-14.080681165803721,1.6930321244974813,-3.9270531453644515,3 days 13:42:14.210526315,5 days 05:23:34.285714285,1.179151006908352,8.878365384615215,0.4167034757914681,0.859802140606976,1.0089535133003584,0.576453696366859,ETHUSDT_unlevered
Far-ahead-in-technology-orders_BTCUSDT,2023-12-20 00:00:00+00:00,2024-03-05 00:00:00+00:00,79 days 13:30:00,6756.60733333334,6464.589333333315,7330.46533333331,6803.9263333333365,0.7003366877123481,61.20577234558362,11.141660120450378,325.59723309054846,9.355081414567772,31 days 06:30:00,342,0.0,171,91.22807017543859,1.106848310149946,-9.841412483441262,0.6642527648426442,-6.856459207186116,1 days 07:53:56.538461538,1 days 01:35:00,1.0808601569902794,0.2767192982456437,0.2532781431678419,0.3643008989983799,1.0140713040869158,0.35484622733103227,BTCUSDT
Far-ahead-in-technology-orders_BTCUSDT_unlevered,2023-12-20 00:00:00+00:00,2024-03-05 00:00:00+00:00,79 days 13:30:00,20269.82200000002,19977.804000000036,20843.68000000003,20317.141000000014,0.23344556257078272,61.20577234558384,11.141660120450378,105.35954802639955,3.2900668212138586,31 days 06:30:00,342,0.0,171,91.22807017543859,1.106848310149946,-9.841412483441262,0.6642527648426442,-6.856459207186116,1 days 07:53:56.538461538,1 days 01:35:00,1.0808601569902794,0.2767192982456437,0.16574414497494117,0.3422377236643561,1.0091769586513435,0.23159543929821663,BTCUSDT_unlevered
Far-ahead-in-technology-orders_ETHUSDT,2023-12-27 00:00:00+00:00,2024-03-19 23:45:00+00:00,90 days 20:30:00,5122.846999999999,4058.796000000033,5702.891000000039,4460.855715828038,-12.92233174584291,41.71867498799966,13.127722999312082,368.6013044262358,28.82914998726075,30 days 01:45:00,658,0.0,330,76.89969604863222,1.3286543590645565,-10.386073075584884,0.716570003840125,-6.353407634178461,0 days 12:34:48.142292490,2 days 02:36:54.473684210,0.5577948197784031,-2.022486245359083,-1.1508199747791317,-1.5674191788595047,0.9267132025788517,-1.5435371010881853,ETHUSDT
Far-ahead-in-technology-orders_ETHUSDT_unlevered,2023-12-27 00:00:00+00:00,2024-03-19 23:45:00+00:00,90 days 20:30:00,15368.540999999997,14304.489999999963,15948.58499999996,14703.877000000002,-4.324834738704182,41.718674987999215,12.60032102728732,109.81926917161167,10.308720177996982,30 days 01:45:00,658,0.0,329,76.89969604863222,1.3286543590645565,-10.386073075584884,0.7164813234226741,-6.353407634178461,0 days 12:34:48.142292490,2 days 02:36:54.473684210,0.558282599178175,-2.0202553191489603,-1.2850754495055974,-1.6954891514845796,0.9195608313242225,-1.725963588367222,ETHUSDT_unlevered
Devin-West-orders_BTCUSDT,2024-03-16 00:00:00+00:00,2024-03-20 09:49:36+00:00,4 days 14:00:00,154585.07266666673,148316.81536666668,158339.8606666667,158339.86066666676,2.4289460393737463,-11.228859714498595,27.045454545454543,302.18826655140117,5.2671861371803095,2 days 18:30:00,56,0.0,28,67.85714285714286,1.6320180950167438,-0.5589141699944482,1.0102297021913347,-0.46332396930895203,0 days 22:29:12.631578947,0 days 21:51:40,6.9732599567119635,134.099571428576,3.719134987578081,118.78203374668155,1.1577288154556824,5.010880730876673,BTCUSDT
Devin-West-orders_BTCUSDT_unlevered,2024-03-16 00:00:00+00:00,2024-03-20 09:49:36+00:00,4 days 14:00:00,463755.21800000017,457486.9607000001,467510.00600000005,467510.00600000017,0.809648679791249,-11.228859714498697,27.045454545454543,100.0,1.7706437794254941,2 days 18:30:00,56,0.0,28,67.85714285714286,1.6320180950167438,-0.5589141699944482,1.0102297021913347,-0.46332396930895203,0 days 22:29:12.631578947,0 days 21:51:40,6.9732599567119635,134.099571428576,3.5853617530935447,53.443831493806016,1.151303283391969,4.815280277930997,BTCUSDT_unlevered
Haihishinsho-orders_BTCUSDT,2024-01-10 00:00:00+00:00,2024-03-25 13:59:17+00:00,70 days 04:30:00,3357.4053333333336,2606.668554192862,3452.6795541928623,3452.679554192862,2.8377336484700515,34.063665381747256,12.392401306025528,322.57830430087733,23.38677713182989,63 days 05:45:00,18,0.0,11,70.0,4.935808439279326,-9.237164743851324,1.0981874374501086,-4.460814434832994,0 days 01:19:17.142857142,2 days 18:25:00,1.0188160674708473,1.0009319987522076,0.5578847483801528,0.618571573584034,1.0696343781243955,1.262537986251061,BTCUSDT
Haihishinsho-orders_BTCUSDT_unlevered,2024-01-10 00:00:00+00:00,2024-03-25 13:59:17+00:00,70 days 04:30:00,10072.216,9290.61,10136.621,10136.621,0.6394322758765275,34.063665381746986,12.362718907687741,100.0,8.170008833188366,63 days 06:15:00,18,0.0,9,66.66666666666666,4.935808439279305,-9.237164743851324,1.279905543159303,-4.460814434832994,0 days 01:30:00,2 days 18:25:00,1.1210720435524741,7.156111111111102,0.2535659414627681,0.38255793483406425,1.0293353513114842,0.5134925544356436,BTCUSDT_unlevered
Haihishinsho-orders_ETHUSDT,2024-01-04 00:00:00+00:00,2024-02-25 00:00:00+00:00,52 days 11:45:00,17080.81866666667,14803.629666666671,19149.744666666666,15403.833666666664,-9.817942762150231,34.73422308763543,39.59118872792221,325.3309147332663,22.695420099073875,43 days 14:00:00,46,0.0,23,69.56521739130434,4.122748552248744,-7.702318059850747,1.0102659253894308,-3.562063343708257,0 days 16:21:33.750000,4 days 17:55:42.857142857,0.5722011205928798,-72.91239130434856,-1.6303364586386904,-2.272625643060247,0.9520317202121814,-2.3000389693750107,ETHUSDT
Haihishinsho-orders_ETHUSDT_unlevered,2024-01-04 00:00:00+00:00,2024-02-25 00:00:00+00:00,52 days 11:45:00,51242.456000000006,48965.267000000014,53311.382,49565.471,-3.272647587383411,34.73422308763603,39.59118872792221,100.0,8.152321018427141,43 days 14:00:00,46,0.0,23,69.56521739130434,4.122748552248744,-7.702318059850747,1.0102659253894308,-3.562063343708257,0 days 16:21:33.750000,4 days 17:55:42.857142857,0.5722011205928798,-72.91239130434856,-1.6975100271687038,-2.5544995608904464,0.95030881948628,-2.399878417870426,ETHUSDT_unlevered
All-Baker-Duck-orders_BTCUSDT,2023-12-20 00:00:00+00:00,2024-03-25 17:38:31+00:00,94 days 02:00:00,128224.79999999997,102629.58000000002,197956.23022442346,177692.5690512456,38.578940307370836,46.324764840513886,91.39725420726307,298.57411438930444,24.793329200357004,29 days 07:30:00,296,0.0,196,51.28205128205128,8.400064929499496,-5.865240832250123,1.5429225984875987,-1.1159800553072223,2 days 11:05:33,1 days 17:15:28.421052631,1.5087295011310038,244.79911965457194,2.0167610626396737,9.778715707821785,1.0464040124788603,2.9179558789481614,BTCUSDT
All-Baker-Duck-orders_BTCUSDT_unlevered,2023-12-20 00:00:00+00:00,2024-03-25 17:38:31+00:00,94 days 02:00:00,384674.3999999999,359079.17999999993,460681.878,438044.278,13.874039447387219,46.324764840514355,82.63950398582817,100.0,8.611020760321002,29 days 07:15:00,296,0.0,148,58.78378378378378,8.6206101886325,-5.93879888573174,1.588426749664966,-1.3608386570156952,2 days 17:54:18.620689655,2 days 14:29:45.245901639,1.5667224092235845,360.6072837837859,1.8280323027763192,7.346338192949715,1.0450630675051122,2.6177041013440303,BTCUSDT_unlevered
All-Baker-Duck-orders_ETHUSDT,2023-12-27 00:00:00+00:00,2023-12-29 00:00:00+00:00,2 days 01:15:00,40110.833333333336,39958.83333333333,40403.33333333333,39990.33333333331,-0.30041759291969106,5.691826580103432,1.5228426395939088,300.7607829724759,1.100156752743173,1 days 11:30:00,4,0.0,2,50.0,0.1240824429873701,-0.21830255239677487,0.1240824429873701,-0.21830255239677487,0 days 00:30:00,0 days 00:15:00,0.5418250950569489,-60.25000000001455,-3.82966074884886,-38.25619374701032,0.731983017186916,-4.805060608272003,ETHUSDT
All-Baker-Duck-orders_ETHUSDT_unlevered,2023-12-27 00:00:00+00:00,2023-12-29 00:00:00+00:00,2 days 01:15:00,120332.50000000001,120180.5,120624.99999999999,120211.99999999999,-0.10013919763989702,5.691826580103432,1.5228426395939088,100.0,0.36849740932641284,1 days 11:30:00,4,0.0,2,50.0,0.1240824429873701,-0.21830255239677487,0.1240824429873701,-0.21830255239677487,0 days 00:30:00,0 days 00:15:00,0.5418250950569489,-60.25000000001455,-3.8631402696273267,-45.13296499015692,0.7299341300574911,-4.843372365795595,ETHUSDT_unlevered
songer1993-orders_BTCUSDT,2024-01-09 00:00:00+00:00,2024-01-15 00:00:00+00:00,6 days 01:30:00,3424.6666666666665,3312.800166666665,3569.6483666666645,3513.530666666668,2.5948218804750263,-10.731828180855253,14.432989690721648,299.83029401583156,3.3504861640292165,0 days 20:00:00,6,0.0,3,100.0,0.5738758029978468,0.04282655246252433,0.31481407685203866,,0 days 07:15:00,,inf,29.621333333333553,3.6100591159587294,111.57556792341734,1.1654004256134114,4.972712725361876,BTCUSDT
songer1993-orders_BTCUSDT_unlevered,2024-01-09 00:00:00+00:00,2024-01-15 00:00:00+00:00,6 days 01:30:00,10274.0,10162.1335,10418.9817,10362.864000000001,0.8649406268250087,-10.731828180855274,14.432989690721648,100.0,1.1174755858634862,0 days 20:00:00,6,0.0,3,100.0,0.5738758029978468,0.04282655246252433,0.31481407685203866,,0 days 07:15:00,,inf,29.621333333333553,3.4791537235186865,61.48538958391026,1.1576577697855197,4.7698011216564185,BTCUSDT_unlevered
Arid-Bit-Giraffe-orders_BTCUSDT,2023-12-23 00:00:00+00:00,2024-03-23 13:03:48+00:00,106 days 11:30:00,262562.8830000001,260924.21100000013,296947.4010000009,285657.5060000001,8.795844536792359,40.88413624436322,50.31305028370182,295.4298939258964,9.991886542896546,23 days 23:00:00,1776,0.0,888,81.08108108108108,1.7783683612578267,-3.1068475516404477,0.31271725596000993,-0.8007098409592737,0 days 05:13:47.500000,0 days 07:40:53.571428571,1.2354584403548332,26.007458333333872,1.1501113925732542,3.9978859882123228,1.0376509031320467,1.667683140794561,BTCUSDT
Arid-Bit-Giraffe-orders_BTCUSDT_unlevered,2023-12-23 00:00:00+00:00,2024-03-23 13:03:48+00:00,106 days 11:30:00,787688.6490000002,786049.9770000002,822073.1669999987,810783.2720000002,2.931948178930787,40.884136244364285,50.31305028370182,100.49010620369864,3.609246547758909,23 days 23:00:00,1776,0.0,888,81.08108108108108,1.7783683612578267,-3.1068475516404477,0.31271725596000993,-0.8007098409592737,0 days 05:13:47.500000,0 days 07:40:53.571428571,1.2354584403548332,26.007458333333872,1.0408203951862298,3.3831296451146065,1.034067812482664,1.5023343892272922,BTCUSDT_unlevered
Arid-Bit-Giraffe-orders_ETHUSDT,2024-01-10 00:00:00+00:00,2024-03-08 00:00:00+00:00,59 days 02:15:00,201983.36000000002,196907.27399999992,204117.17399999994,203718.97899999996,0.8592881116543203,63.3500206833081,3.437334743521946,301.34581859998514,3.532235851942583,40 days 17:15:00,104,0.0,52,80.76923076923077,1.2996628400413204,-1.323812030131234,0.3755608751621867,-0.7355057848435769,0 days 03:34:17.142857142,0 days 05:22:30,1.2555669926685908,33.3772884615405,0.6960795745530054,1.5658830600181801,1.06761026028668,1.0052903839948442,ETHUSDT
Arid-Bit-Giraffe-orders_ETHUSDT_unlevered,2024-01-10 00:00:00+00:00,2024-03-08 00:00:00+00:00,59 days 02:15:00,605950.0800000001,600873.9940000001,608083.8940000001,607685.699,0.2864293705514401,63.35002068330859,3.437334743521946,100.0,1.185675212111443,40 days 17:15:00,104,0.0,52,80.76923076923077,1.2996628400413204,-1.323812030131234,0.3755608751621867,-0.7355057848435769,0 days 03:34:17.142857142,0 days 05:22:30,1.2555669926685908,33.3772884615405,0.6737046454144671,1.531549939203597,1.065341443415919,0.9711248665357259,ETHUSDT_unlevered
Average-Moon-Cypress-orders_BTCUSDT,2023-12-20 00:00:00+00:00,2024-03-25 19:57:41+00:00,92 days 23:30:00,159720.64,154104.74000000005,269395.1699999998,269395.1700000001,68.66647291170388,46.32476484051473,32.62379565314811,276.4010478249526,16.190297179048883,36 days 00:15:00,190,0.0,95,67.36842105263158,6.5519383955825266,-3.325739384046991,2.373096169708727,-1.341993055224722,0 days 21:50:51.562500,1 days 01:50:19.354838709,3.5300377688015363,1154.4687368421069,3.736095054677904,38.12524417023939,1.1314946539511,5.7861060471329715,BTCUSDT
Average-Moon-Cypress-orders_BTCUSDT_unlevered,2023-12-20 00:00:00+00:00,2024-03-25 19:57:41+00:00,92 days 23:30:00,479161.92000000004,473546.0200000001,588836.4500000002,588836.4500000002,22.888824303901295,46.32476484051482,32.62379565314811,100.0,6.154340055072128,36 days 00:15:00,190,0.0,95,67.36842105263158,6.5519383955825266,-3.325739384046991,2.373096169708727,-1.341993055224722,0 days 21:50:51.562500,1 days 01:50:19.354838709,3.5300377688015363,1154.4687368421069,3.5806123203931186,19.085281478278723,1.1320636558179848,5.535758507818578,BTCUSDT_unlevered
Average-Moon-Cypress-orders_ETHUSDT,2023-12-24 00:00:00+00:00,2024-03-25 20:03:33+00:00,89 days 07:30:00,161112.0,149501.2,310020.9999999997,310021.0,92.42576592680868,37.13184217838308,34.7912292978773,294.03108470032345,13.817553443518516,20 days 21:30:00,222,0.0,111,65.76576576576578,11.667588244042932,-4.86226006080713,2.822124098362524,-1.3144411032929186,1 days 06:47:15.616438356,1 days 10:15:23.684210526,5.048031343044369,1341.5225225225204,5.853675956291277,87.62072546810741,1.2022216430342656,9.306484706808229,ETHUSDT
Average-Moon-Cypress-orders_ETHUSDT_unlevered,2023-12-24 00:00:00+00:00,2024-03-25 20:03:33+00:00,89 days 07:30:00,483336.0,471725.19999999995,632244.9999999994,632245.0,30.80858864226956,37.13184217838344,34.7912292978773,100.0,5.326584719209464,20 days 21:30:00,222,0.0,111,65.76576576576578,11.667588244042932,-4.86226006080713,2.822124098362524,-1.3144411032929186,1 days 06:47:15.616438356,1 days 10:15:23.684210526,5.048031343044369,1341.5225225225204,5.726043626852762,35.18666697437872,1.208044201228044,9.131449138922305,ETHUSDT_unlevered
Juvenile-Phase-Dingo-orders_BTCUSDT,2024-01-11 00:00:00+00:00,2024-03-06 00:00:00+00:00,55 days 10:15:00,85352.41033333333,76731.88583333333,97050.84283333328,95900.94333333339,12.358799193606902,36.887757844737415,22.664912610411577,295.0053295652104,13.115398057187782,7 days 00:00:00,40,0.0,20,100.0,4.3135251104343855,0.7187586152573688,1.8435784046477488,,2 days 01:51:45,,inf,527.4266500000001,2.429653834491476,8.895067476952699,1.0814685578975762,3.573050694589474,BTCUSDT
Juvenile-Phase-Dingo-orders_BTCUSDT_unlevered,2024-01-11 00:00:00+00:00,2024-03-06 00:00:00+00:00,55 days 10:15:00,256057.231,247436.70649999997,267755.6634999998,266605.7640000001,4.119599731202301,36.88775784473681,22.664912610411577,101.63508266015472,4.471796349952864,7 days 00:00:00,40,0.0,20,100.0,4.3135251104343855,0.7187586152573688,1.8435784046477488,,2 days 01:51:45,,inf,527.4266500000001,2.4017804930656066,6.868908530758439,1.0808084271277523,3.5379945426607033,BTCUSDT_unlevered
Juvenile-Phase-Dingo-orders_ETHUSDT,2023-12-26 00:00:00+00:00,2024-03-06 00:00:00+00:00,71 days 06:15:00,16627.966666666664,15097.866666666669,18448.29466666666,18023.25466666666,8.391212395181585,56.405874969720756,3.9760268966525363,320.26908878958614,9.506081131569555,1 days 05:30:00,24,0.0,12,100.0,1.446174711922946,0.6514445686541062,1.1014761971272646,,0 days 13:03:45,,inf,116.27399999999962,2.007743998022951,5.397784154729409,1.171884172638645,3.0191263814093867,ETHUSDT
Juvenile-Phase-Dingo-orders_ETHUSDT_unlevered,2023-12-26 00:00:00+00:00,2024-03-06 00:00:00+00:00,71 days 06:15:00,49883.899999999994,48353.8,51704.227999999974,51279.18799999999,2.797070798393861,56.40587496971921,3.9760268966525363,100.0,3.1757849153520414,1 days 05:30:00,24,0.0,12,100.0,1.446174711922946,0.6514445686541062,1.1014761971272646,,0 days 13:03:45,,inf,116.27399999999962,1.9908494513642812,4.797045826803622,1.1705461104746113,3.016761549382336,ETHUSDT_unlevered
Blessing-rabbit-orders_BTCUSDT,2023-12-24 00:00:00+00:00,2024-01-17 00:00:00+00:00,24 days 01:15:00,284.5916666666667,274.7966666666666,297.85666666666657,288.77266666666674,1.4691224268689196,-1.291376612416817,2.59852750108272,307.1289074345881,5.814877401882318,21 days 15:15:00,4,0.0,2,100.0,0.3504257509123344,0.2761246545529116,0.313275202732623,,0 days 07:30:00,,inf,2.0905000000000484,0.9899136182023648,4.268468414040647,1.0904356262408421,1.434040462485041,BTCUSDT
Blessing-rabbit-orders_BTCUSDT_unlevered,2023-12-24 00:00:00+00:00,2024-01-17 00:00:00+00:00,24 days 01:15:00,853.7750000000001,843.98,867.04,857.9560000000001,0.4897074756229732,-1.291376612416928,2.59852750108272,100.0,1.997601033400989,21 days 15:15:00,4,0.0,2,100.0,0.3504257509123344,0.2761246545529116,0.313275202732623,,0 days 07:30:00,,inf,2.0905000000000484,0.9053830553228477,3.8590959752003555,1.0825870846960868,1.3046439074678977,BTCUSDT_unlevered
Dry-Peg-Jack-orders_BTCUSDT,2024-01-30 00:00:00+00:00,2024-03-19 23:45:00+00:00,50 days 08:30:00,17172.45533333333,16373.165533333327,17224.670333333328,16738.88611462701,-2.5247945636796905,43.41344818005097,7.012825817128672,301.1338736263522,4.943518706144183,40 days 18:30:00,34,0.0,18,41.17647058823529,0.7825723877013852,-4.405850014903519,0.364928477921406,-3.016334490526973,0 days 07:23:34.285714285,1 days 02:07:30,0.36383115470779137,-27.365775844360535,-2.455897568187532,-3.4446722660675997,0.8576346665434328,-3.3199859099398403,BTCUSDT
Dry-Peg-Jack-orders_BTCUSDT_unlevered,2024-01-30 00:00:00+00:00,2024-03-19 23:45:00+00:00,50 days 08:30:00,51517.365999999995,50718.076199999996,51569.581,51053.679999999986,-0.9000576621095279,43.41344818005051,5.792304509722797,100.0,1.6511764949185888,40 days 18:30:00,34,0.0,17,41.17647058823529,0.7825723877013852,-4.405850014903519,0.3649284779214058,-3.016334490526973,0 days 07:23:34.285714285,1 days 02:07:30,0.3659263675659483,-27.275647058823715,-2.6936553878376897,-3.868194096898382,0.8380427404116856,-3.6267776732058072,BTCUSDT_unlevered
Dry-Peg-Jack-orders_ETHUSDT,2024-01-03 00:00:00+00:00,2024-03-21 03:46:56+00:00,77 days 13:30:00,10753.108,10753.108,13091.075000000003,11507.03,7.011200854673834,33.747734625090466,0.8863819500402902,298.2632108660936,12.100190396892538,29 days 22:45:00,54,0.0,27,100.0,1.192558035589576,0.0635682408143524,0.3933616919556308,,0 days 01:17:13.333333333,,inf,27.923037037037002,1.178222668374808,3.0759933316479753,1.3823220751842573,1.776153377086223,ETHUSDT
Dry-Peg-Jack-orders_ETHUSDT_unlevered,2024-01-03 00:00:00+00:00,2024-03-21 03:46:56+00:00,77 days 13:30:00,32259.324,32259.324,34597.29099999999,33013.246,2.3370669515579445,33.74773462509211,0.8863819500402902,100.39902196156936,4.5785232144331935,29 days 22:45:00,54,0.0,27,100.0,1.192558035589576,0.0635682408143524,0.3933616919556308,,0 days 01:17:13.333333333,,inf,27.923037037037002,1.0278036394581367,2.4878149036064734,1.332824522884559,1.5064028480739555,ETHUSDT_unlevered
Crypto-to-the-moon-orders_BTCUSDT,2023-12-22 00:00:00+00:00,2024-03-25 23:38:04+00:00,90 days 15:00:00,87350.19833333335,83696.70274429607,139051.91729904074,127844.02237204966,46.35802186068264,41.44188170815342,91.7816091954023,305.8834714713662,25.845895277877588,33 days 07:15:00,155,0.0,90,53.93258426966292,15.869330790595578,-55.07655272959763,3.658353924904536,-3.3163999453391804,1 days 08:19:03.750000,3 days 03:54:30.731707317,3.21669188440715,451.78919828915934,3.726256831342911,12.84906903591547,1.232922874987313,6.208033051830921,BTCUSDT
Crypto-to-the-moon-orders_BTCUSDT_unlevered,2023-12-22 00:00:00+00:00,2024-03-25 23:38:04+00:00,90 days 15:00:00,262050.59500000003,258399.47079999995,314830.54299999995,303238.38800000004,15.717496462849098,41.44188170815353,13.264367816091955,100.0,11.53746795144968,33 days 07:15:00,156,0.0,78,53.84615384615385,12.089565952365819,-3.363295729129998,3.3017022061216297,-1.7630590978890293,0 days 09:28:55.714285714,1 days 06:32:55,3.445462376276102,528.0486282051297,3.5107679045487417,6.520132125419543,1.232059577438799,5.697904280928962,BTCUSDT_unlevered
Crypto-to-the-moon-orders_ETHUSDT,2024-02-12 00:00:00+00:00,2024-03-05 00:00:00+00:00,22 days 20:45:00,99006.58133333334,99006.58133333334,131030.43633333326,124965.97733333323,26.219869073754126,44.52272039017504,16.264236902050115,296.89883862995987,6.961363362064134,7 days 14:00:00,82,0.0,41,85.36585365853658,3.763758546637213,-2.0923963334554507,1.4151687197954474,-0.9504824137110605,0 days 10:30:00,0 days 03:52:30,8.393793910573525,633.1559999999995,8.616194158252933,668.4649409119172,1.39620664959817,13.565549160477344,ETHUSDT
Crypto-to-the-moon-orders_ETHUSDT_unlevered,2024-02-12 00:00:00+00:00,2024-03-05 00:00:00+00:00,22 days 20:45:00,297019.744,297019.744,329043.59899999993,322979.1399999999,8.739956357918041,44.52272039017524,16.264236902050115,100.0,2.5943923333052346,7 days 14:00:00,82,0.0,41,85.36585365853658,3.763758546637213,-2.0923963334554507,1.4151687197954474,-0.9504824137110605,0 days 10:30:00,0 days 03:52:30,8.393793910573525,633.1559999999995,8.314578810378023,116.12593147283451,1.3779592303420565,12.942409404836216,ETHUSDT_unlevered
fat_bear-orders_BTCUSDT,2023-12-11 00:00:00+00:00,2024-03-15 00:00:00+00:00,104 days 16:30:00,129850.31333333328,124099.01333333341,217066.44333333315,217039.16333333333,67.14566007721616,63.191586648376365,83.72139303482588,250.05666353983585,8.29330689032856,15 days 23:15:00,930,0.0,465,84.51612903225806,10.895451556429855,-1.4527214683281786,2.2640435946135105,-0.39316707772907267,9 days 20:15:54.961832061,6 days 21:07:30,31.908234799550744,187.50290322580852,4.839925879225545,74.7048046616186,1.1058828019882192,7.063645371896807,BTCUSDT
fat_bear-orders_BTCUSDT_unlevered,2023-12-11 00:00:00+00:00,2024-03-15 00:00:00+00:00,104 days 16:30:00,389550.9399999998,383799.64,476767.06999999995,476739.7899999999,22.381886692405388,63.19158664837667,83.72139303482588,100.0,2.9313127765845914,15 days 23:15:00,930,0.0,465,84.51612903225806,10.895451556429855,-1.4527214683281786,2.2640435946135105,-0.39316707772907267,9 days 20:15:54.961832061,6 days 21:07:30,31.908234799550744,187.50290322580852,4.970853227315316,40.002857970195784,1.1092222674700318,7.2647484241662195,BTCUSDT_unlevered
fat_bear-orders_ETHUSDT,2023-12-12 00:00:00+00:00,2024-03-25 16:38:39+00:00,117 days 13:15:00,333828.1016666666,325819.70166666666,587046.8006666666,587046.8006666657,75.8530206821361,42.16005292791256,88.61320336730174,266.64086784889054,19.53214418881015,25 days 06:30:00,1782,0.0,891,81.03254769921436,14.361292502253376,-10.801069028890602,3.2392219147328696,-1.4071733577595817,8 days 19:32:27.091412742,7 days 14:09:45.798816568,13.644087470509401,284.1960707070703,3.9432665504924937,31.511115429916174,1.126902136820985,5.845763013635454,ETHUSDT
fat_bear-orders_ETHUSDT_unlevered,2023-12-12 00:00:00+00:00,2024-03-25 16:38:39+00:00,117 days 13:15:00,1001484.3049999999,993475.9049999996,1254703.0039999997,1254703.0039999988,25.2843402273787,42.160052927911806,88.61320336730174,100.0,8.267488390563162,25 days 06:30:00,1782,0.0,891,81.03254769921436,14.361292502253376,-10.801069028890602,3.2392219147328696,-1.4071733577595817,8 days 19:32:27.091412742,7 days 14:09:45.798816568,13.644087470509401,284.1960707070703,3.7921259523177,14.444164308721517,1.1268923376383,5.589231858434245,ETHUSDT_unlevered
Another-DOGE-Grass-orders_BTCUSDT,2024-01-09 00:00:00+00:00,2024-03-09 00:00:00+00:00,60 days 02:45:00,30186.406000000006,30186.406000000006,32538.498399999982,32084.95299999999,6.289410537975219,44.856761116084655,0.08664009703690868,285.5427108461774,2.6605479827334015,55 days 17:15:00,10,0.0,5,100.0,0.922357281681317,0.13626105346826994,0.5261372179224091,,0 days 00:15:00,,inf,379.70939999999683,2.0944801390372167,16.88263534960646,2.0064484707850814,4.641036709323835,BTCUSDT
Another-DOGE-Grass-orders_BTCUSDT_unlevered,2024-01-09 00:00:00+00:00,2024-03-09 00:00:00+00:00,60 days 02:45:00,90559.21800000002,90559.21800000002,92911.3104,92457.76500000001,2.0964701793250726,44.85676111608426,0.08664009703690868,100.0,0.927704670357667,55 days 17:15:00,10,0.0,5,100.0,0.922357281681317,0.13626105346826994,0.5261372179224091,,0 days 00:15:00,,inf,379.70939999999683,2.033160870369397,14.498498354616826,1.9586981176787703,4.406043523454885,BTCUSDT_unlevered
Another-DOGE-Grass-orders_ETHUSDT,2024-01-23 00:00:00+00:00,2024-03-20 15:17:17+00:00,57 days 04:30:00,85706.648,78805.11199999998,97352.91999999998,85687.85699999999,-0.021924786978032313,35.993524609926,0.20036429872495445,276.07411878349416,19.052133207714782,14 days 06:00:00,18,0.0,9,55.55555555555556,2.569863254407053,-1.0087893617473214,0.8783296149310409,-0.6243532957470556,0 days 00:18:00,0 days 00:18:45,0.9944568847344054,-2.0878888888914275,0.2830429888646579,-0.007282004516132305,1.0814313424745439,0.4008210370385364,ETHUSDT
Another-DOGE-Grass-orders_ETHUSDT_unlevered,2024-01-23 00:00:00+00:00,2024-03-20 15:17:17+00:00,57 days 04:30:00,257119.94400000002,250218.408,268766.216,257101.153,-0.00730826232601077,35.993524609925956,0.20036429872495445,100.0,6.901093551132936,14 days 06:00:00,18,0.0,9,55.55555555555556,2.569863254407053,-1.0087893617473214,0.8783296149310409,-0.6243532957470556,0 days 00:18:00,0 days 00:18:45,0.9944568847344054,-2.0878888888914275,0.09498190037939996,-0.0067038548079148665,1.0269216146568259,0.13015763223189336,ETHUSDT_unlevered
Hoarse-TWAMM-Shrew-orders_BTCUSDT,2023-12-21 00:00:00+00:00,2023-12-22 00:00:00+00:00,1 days 00:45:00,7250.0,7186.334999999999,7498.950000000001,7498.950000000001,3.4337931034482856,0.5254688242492422,40.4040404040404,301.7718350174324,1.939613444038188,0 days 03:00:00,2,0.0,1,100.0,1.1445977011494286,1.1445977011494286,1.1445977011494286,,0 days 10:00:00,,inf,248.95000000000073,18.257175851673892,10207143.418038033,1.4880578499525643,30.99408121574461,BTCUSDT
Hoarse-TWAMM-Shrew-orders_BTCUSDT_unlevered,2023-12-21 00:00:00+00:00,2023-12-22 00:00:00+00:00,1 days 00:45:00,21750.0,21686.335,21998.95,21998.95,1.1445977011494286,0.5254688242491978,40.4040404040404,100.0,0.6590831843522774,0 days 03:00:00,2,0.0,1,100.0,1.1445977011494286,1.1445977011494286,1.1445977011494286,,0 days 10:00:00,,inf,248.95000000000073,18.115104381902853,9106.831471915932,1.483657331531234,30.64478983965454,BTCUSDT_unlevered
Hoarse-TWAMM-Shrew-orders_ETHUSDT,2023-12-20 00:00:00+00:00,2024-02-26 00:00:00+00:00,69 days 00:45:00,44274.58666666669,43693.18666666669,50153.02666666663,45371.12666666663,2.47668037706492,42.393502616286696,19.179115738644935,292.0963595863381,9.534618980788718,40 days 10:45:00,98,0.0,49,63.26530612244898,3.370057581573902,-2.740577249575555,0.754986030003053,-1.0485715601396328,0 days 12:58:32.903225806,0 days 08:00:50,1.1301552785446807,22.378367346937637,0.6272054082941569,1.4715804130766674,1.0229100477138753,0.9050197808021336,ETHUSDT
Hoarse-TWAMM-Shrew-orders_ETHUSDT_unlevered,2023-12-20 00:00:00+00:00,2024-02-26 00:00:00+00:00,69 days 00:45:00,132823.76000000007,132242.36000000007,138702.20000000013,133920.3,0.8255601256883066,42.393502616289624,19.179115738644935,100.0,3.4476021288776497,40 days 10:45:00,98,0.0,49,63.26530612244898,3.370057581573902,-2.740577249575555,0.754986030003053,-1.0485715601396328,0 days 12:58:32.903225806,0 days 08:00:50,1.1301552785446807,22.378367346937637,0.5285632215249059,1.308516466536043,1.0192762093336623,0.7615689053623546,ETHUSDT_unlevered
m9999998-orders_BTCUSDT,2024-02-14 00:00:00+00:00,2024-03-06 00:00:00+00:00,21 days 13:45:00,325089.6183333333,322825.7503333333,503617.1398701137,501767.30171526736,54.347377897739,28.395712358443337,84.30709802028005,276.58795265626577,13.749387474455787,6 days 04:45:00,54,0.0,28,77.77777777777779,15.908936198381973,-1.240780060852471,10.56496567133198,-1.2391663133020552,3 days 22:51:25.714285714,9 days 08:37:30,99.6421940325001,6534.442541245141,10.771880921569,13682.26833306251,1.3853013155930565,16.113306311748918,BTCUSDT
m9999998-orders_BTCUSDT_unlevered,2024-02-14 00:00:00+00:00,2024-03-06 00:00:00+00:00,21 days 13:45:00,975268.8549999999,973004.9869999998,1154499.0207999996,1152354.5009999997,18.157623417595957,28.395712358443337,82.1825205214872,100.0,5.875244072393029,6 days 04:45:00,54,0.0,27,77.77777777777779,15.890812866705536,-1.240780060852471,10.582271604707689,-1.2391663133020552,3 days 22:48:34.285714285,9 days 08:37:30,100.00879522080318,6558.727629629625,10.155069010287548,291.86942714293167,1.3763431157321324,14.92574284053106,BTCUSDT_unlevered
HaoBo-orders_BTCUSDT,2023-12-25 00:00:00+00:00,2024-03-25 06:04:47+00:00,87 days 01:00:00,43147.68835924237,34947.91435924241,57763.50894454981,57763.50894454976,33.87393656785934,43.99184275449362,25.227381522259456,309.0571946689735,23.34723521568187,62 days 17:30:00,100,0.0,58,63.1578947368421,7.327889073524968,-5.717774820620539,2.5089732976288466,-2.1830753271122285,1 days 21:40:00,4 days 14:42:08.571428571,3.140142019131419,261.2074453542906,2.2866439873308853,9.472211136152868,1.0867678519110393,3.5917838231703683,BTCUSDT
HaoBo-orders_BTCUSDT_unlevered,2023-12-25 00:00:00+00:00,2024-03-25 06:04:47+00:00,87 days 01:00:00,129443.06507772711,121243.29107772709,144693.507077727,144693.5070777272,11.781582884214478,43.99184275449271,25.155576831019626,100.82853191121279,8.070937976807793,62 days 17:30:00,100,0.0,55,63.63636363636363,6.408593581873502,-5.717774820620539,2.3991005833157386,-2.228931851882784,2 days 06:03:25.714285714,4 days 20:13:30,3.2059314287299463,277.2807636363636,2.320513503452597,6.953046901523648,1.0902875282401152,3.6664536059609256,BTCUSDT_unlevered
HaoBo-orders_ETHUSDT,2023-12-27 00:00:00+00:00,2024-03-25 06:07:49+00:00,84 days 15:30:00,36581.468259024856,23250.809259024856,39714.39925902486,36379.29384368102,-0.5526689467800632,41.71867498799908,28.698006399212407,490.6715836383957,41.45496421240402,33 days 06:00:00,62,0.0,33,50.0,10.155582744868697,-9.544440460838759,2.964205778526261,-7.1297438667323325,5 days 23:43:07.500000,11 days 03:45:00,1.038694060559413,12.206292206210321,0.49198612181610507,-0.05404897976794382,1.0229554218817545,0.9146914537653326,ETHUSDT
HaoBo-orders_ETHUSDT_unlevered,2023-12-27 00:00:00+00:00,2024-03-25 06:07:49+00:00,84 days 15:30:00,109744.40477707457,96413.74577707457,112877.33577707456,111310.11077707451,1.4266841240611667,41.71867498799804,24.218557715973418,118.3286813311711,14.585381455595764,33 days 06:00:00,62,0.0,33,51.515151515151516,10.612647488007388,-9.544440460838759,3.244023445672164,-7.089130230239955,5 days 20:49:24.705882352,11 days 03:45:00,1.1574131131162075,47.44563636363546,0.34967126466907567,0.4088617658252238,1.0151400016093093,0.6008460087537913,ETHUSDT_unlevered
Moral-Minnow-Monkey-orders_BTCUSDT,2023-12-01 07:28:47+00:00,2024-02-18 00:00:00+00:00,72 days 02:15:00,118152.59999999999,111933.55,117764.24768382125,117618.99276813604,-0.4516254672888705,19.13477034672595,90.70943505273804,298.7513892191823,2.449598609930801,31 days 09:30:00,8,0.0,5,75.0,9.24812896262889,-9.959342702680152,3.620612398267321,-9.959342702680152,18 days 23:15:00,8 days 02:30:00,0.6542338284240247,-330.1116081578732,-0.13071152293033592,-0.3946884799779399,0.99444898135886,-0.14881121907491773,BTCUSDT
Moral-Minnow-Monkey-orders_BTCUSDT_unlevered,2023-12-01 07:28:47+00:00,2024-02-18 00:00:00+00:00,72 days 02:15:00,354457.8,348238.75,353117.9200000001,352741.19999999995,-0.48428896190181825,19.134770346727702,11.746857390550499,99.79146423652624,0.8064473091683184,56 days 23:15:00,8,0.0,4,75.0,1.150723117417937,-9.959342702680152,0.5562901791352713,-9.959342702680152,0 days 02:55:00,8 days 02:30:00,0.550498834742981,-429.1500000000076,-0.6154227325665961,-1.2689477794954014,0.950763646165751,-0.6931025137496626,BTCUSDT_unlevered
Moral-Minnow-Monkey-orders_ETHUSDT,2023-11-30 02:25:31+00:00,2024-02-26 00:00:00+00:00,81 days 09:15:00,94585.20333333332,83639.20333333335,104856.9933333332,87462.59333333334,-7.530363893069801,31.76669792864604,39.10149750415973,347.699408970106,16.588688505214325,25 days 23:30:00,132,0.0,63,82.53968253968253,2.9736050785165387,-9.856110159415394,0.9160172817046999,-2.2867515943958105,0 days 10:25:57.692307692,1 days 08:32:43.636363636,0.7419867708001266,-113.05730158730194,-0.8841916093954929,-1.6729220233030722,0.9697182687055732,-1.1371059487980788,ETHUSDT
Moral-Minnow-Monkey-orders_ETHUSDT_unlevered,2023-11-30 02:25:31+00:00,2024-02-26 00:00:00+00:00,81 days 09:15:00,283755.61,272809.61,294027.39999999997,276633.0,-2.5101212976899334,31.76669792864586,39.10149750415973,110.52483548183538,5.91591123820432,25 days 23:30:00,132,0.0,63,82.53968253968253,2.9736050785165387,-9.856110159415394,0.9160172817046999,-2.2867515943958105,0 days 10:25:57.692307692,1 days 08:32:43.636363636,0.7419867708001266,-113.05730158730194,-0.9752780218869446,-1.6932491903194262,0.9665627795166808,-1.2491426754437889,ETHUSDT_unlevered
SIVASPHERE CAPITAL-orders_ETHUSDT,2024-02-02 00:00:00+00:00,2024-02-07 00:00:00+00:00,5 days 00:45:00,306.08933333333334,296.76133333333337,336.2893333333334,336.13733333333334,9.81674195332953,3.0538519882979953,79.91718426501035,306.28653328600757,6.935582334690869,2 days 10:15:00,2,0.0,1,100.0,3.2722473177765097,3.2722473177765097,3.2722473177765097,,4 days 00:30:00,,inf,30.048000000000002,8.479545195423812,13215.264211833346,1.151766013063689,13.36714618677551,ETHUSDT
SIVASPHERE CAPITAL-orders_ETHUSDT_unlevered,2024-02-02 00:00:00+00:00,2024-02-07 00:00:00+00:00,5 days 00:45:00,918.268,908.94,948.4680000000001,948.316,3.2722473177765097,3.0538519882978177,79.91718426501035,100.0,2.3753673248440466,2 days 10:15:00,2,0.0,1,100.0,3.2722473177765097,3.2722473177765097,3.2722473177765097,,4 days 00:30:00,,inf,30.048000000000002,8.35554943549015,397.39408331825683,1.1493867205785302,13.177635338475525,ETHUSDT_unlevered
RealCryptoFox-orders_BTCUSDT,2023-12-09 00:00:00+00:00,2024-03-24 15:31:27+00:00,103 days 03:30:00,152419.1193333333,143220.6661333333,269622.1133333334,187818.2403333332,23.224856012049063,40.10501304746017,76.33811351242173,262.0881295834305,34.74373442217913,16 days 15:30:00,110,0.0,55,87.27272727272727,21.078235981512837,-5.9765218854395865,1.8646222143074511,-2.8255387796068674,1 days 14:33:45,2 days 07:25:42.857142857,1.5348321889100762,643.62038181818,1.3954550588411825,3.003568886337352,1.0413023470258131,1.8679207190012084,BTCUSDT
RealCryptoFox-orders_BTCUSDT_unlevered,2023-12-09 00:00:00+00:00,2024-03-24 15:31:27+00:00,103 days 03:30:00,457257.35799999995,448058.90479999996,574460.352,492656.4789999998,7.74161867068302,40.10501304746006,76.33811351242173,106.25390061085933,16.306920168443597,16 days 15:30:00,110,0.0,55,87.27272727272727,21.078235981512837,-5.9765218854395865,1.8646222143074511,-2.8255387796068674,1 days 14:33:45,2 days 07:25:42.857142857,1.5348321889100762,643.62038181818,1.0468083910946129,1.7826193584054668,1.0319068595278795,1.3858376749221266,BTCUSDT_unlevered
